Price,Maintenance Price,Doors,Seats,Boot Size,Safety,Acceptance
vhigh,vhigh,two,two,small,low,Unacceptable
vhigh,vhigh,two,two,small,med,Unacceptable
vhigh,vhigh,two,two,small,high,Unacceptable
vhigh,vhigh,two,two,med,low,Unacceptable
vhigh,vhigh,two,two,med,med,Unacceptable
vhigh,vhigh,two,two,med,high,Unacceptable
vhigh,vhigh,two,two,big,low,Unacceptable
vhigh,vhigh,two,two,big,med,Unacceptable
vhigh,vhigh,two,two,big,high,Unacceptable
vhigh,high,two,two,small,low,Unacceptable
vhigh,high,two,two,small,med,Unacceptable
vhigh,high,two,two,small,high,Unacceptable
vhigh,high,two,two,med,low,Unacceptable
vhigh,high,two,two,med,med,Unacceptable
vhigh,high,two,two,med,high,Unacceptable
vhigh,high,two,two,big,low,Unacceptable
vhigh,high,two,two,big,med,Unacceptable
vhigh,high,two,two,big,high,Unacceptable
vhigh,med,two,two,small,low,Unacceptable
vhigh,med,two,two,small,med,Unacceptable
vhigh,med,two,two,small,high,Unacceptable
vhigh,med,two,two,med,low,Unacceptable
vhigh,med,two,two,med,med,Unacceptable
vhigh,med,two,two,med,high,Unacceptable
vhigh,med,two,two,big,low,Unacceptable
vhigh,med,two,two,big,med,Unacceptable
vhigh,med,two,two,big,high,Unacceptable
vhigh,low,two,two,small,low,Unacceptable
vhigh,low,two,two,small,med,Unacceptable
vhigh,low,two,two,small,high,Unacceptable
vhigh,low,two,two,med,low,Unacceptable
vhigh,low,two,two,med,med,Unacceptable
vhigh,low,two,two,med,high,Unacceptable
vhigh,low,two,two,big,low,Unacceptable
vhigh,low,two,two,big,med,Unacceptable
vhigh,low,two,two,big,high,Unacceptable
high,vhigh,two,two,small,low,Unacceptable
high,vhigh,two,two,small,med,Unacceptable
high,vhigh,two,two,small,high,Unacceptable
high,vhigh,two,two,med,low,Unacceptable
high,vhigh,two,two,med,med,Unacceptable
high,vhigh,two,two,med,high,Unacceptable
high,vhigh,two,two,big,low,Unacceptable
high,vhigh,two,two,big,med,Unacceptable
high,vhigh,two,two,big,high,Unacceptable
high,high,two,two,small,low,Unacceptable
high,high,two,two,small,med,Unacceptable
high,high,two,two,small,high,Unacceptable
high,high,two,two,med,low,Unacceptable
high,high,two,two,med,med,Unacceptable
high,high,two,two,med,high,Unacceptable
high,high,two,two,big,low,Unacceptable
high,high,two,two,big,med,Unacceptable
high,high,two,two,big,high,Unacceptable
high,med,two,two,small,low,Unacceptable
high,med,two,two,small,med,Unacceptable
high,med,two,two,small,high,Unacceptable
high,med,two,two,med,low,Unacceptable
high,med,two,two,med,med,Unacceptable
high,med,two,two,med,high,Unacceptable
high,med,two,two,big,low,Unacceptable
high,med,two,two,big,med,Unacceptable
high,med,two,two,big,high,Unacceptable
high,low,two,two,small,low,Unacceptable
high,low,two,two,small,med,Unacceptable
high,low,two,two,small,high,Unacceptable
high,low,two,two,med,low,Unacceptable
high,low,two,two,med,med,Unacceptable
high,low,two,two,med,high,Unacceptable
high,low,two,two,big,low,Unacceptable
high,low,two,two,big,med,Unacceptable
high,low,two,two,big,high,Unacceptable
med,vhigh,two,two,small,low,Unacceptable
med,vhigh,two,two,small,med,Unacceptable
med,vhigh,two,two,small,high,Unacceptable
med,vhigh,two,two,med,low,Unacceptable
med,vhigh,two,two,med,med,Unacceptable
med,vhigh,two,two,med,high,Unacceptable
med,vhigh,two,two,big,low,Unacceptable
med,vhigh,two,two,big,med,Unacceptable
med,vhigh,two,two,big,high,Unacceptable
med,high,two,two,small,low,Unacceptable
med,high,two,two,small,med,Unacceptable
med,high,two,two,small,high,Unacceptable
med,high,two,two,med,low,Unacceptable
med,high,two,two,med,med,Unacceptable
med,high,two,two,med,high,Unacceptable
med,high,two,two,big,low,Unacceptable
med,high,two,two,big,med,Unacceptable
med,high,two,two,big,high,Unacceptable
med,med,two,two,small,low,Unacceptable
med,med,two,two,small,med,Unacceptable
med,med,two,two,small,high,Unacceptable
med,med,two,two,med,low,Unacceptable
med,med,two,two,med,med,Unacceptable
med,med,two,two,med,high,Unacceptable
med,med,two,two,big,low,Unacceptable
med,med,two,two,big,med,Unacceptable
med,med,two,two,big,high,Unacceptable
med,low,two,two,small,low,Unacceptable
med,low,two,two,small,med,Unacceptable
med,low,two,two,small,high,Unacceptable
med,low,two,two,med,low,Unacceptable
med,low,two,two,med,med,Unacceptable
med,low,two,two,med,high,Unacceptable
med,low,two,two,big,low,Unacceptable
med,low,two,two,big,med,Unacceptable
med,low,two,two,big,high,Unacceptable
low,vhigh,two,two,small,low,Unacceptable
low,vhigh,two,two,small,med,Unacceptable
low,vhigh,two,two,small,high,Unacceptable
low,vhigh,two,two,med,low,Unacceptable
low,vhigh,two,two,med,med,Unacceptable
low,vhigh,two,two,med,high,Unacceptable
low,vhigh,two,two,big,low,Unacceptable
low,vhigh,two,two,big,med,Unacceptable
low,vhigh,two,two,big,high,Unacceptable
low,high,two,two,small,low,Unacceptable
low,high,two,two,small,med,Unacceptable
low,high,two,two,small,high,Unacceptable
low,high,two,two,med,low,Unacceptable
low,high,two,two,med,med,Unacceptable
low,high,two,two,med,high,Unacceptable
low,high,two,two,big,low,Unacceptable
low,high,two,two,big,med,Unacceptable
low,high,two,two,big,high,Unacceptable
low,med,two,two,small,low,Unacceptable
low,med,two,two,small,med,Unacceptable
low,med,two,two,small,high,Unacceptable
low,med,two,two,med,low,Unacceptable
low,med,two,two,med,med,Unacceptable
low,med,two,two,med,high,Unacceptable
low,med,two,two,big,low,Unacceptable
low,med,two,two,big,med,Unacceptable
low,med,two,two,big,high,Unacceptable
low,low,two,two,small,low,Unacceptable
low,low,two,two,small,med,Unacceptable
low,low,two,two,small,high,Unacceptable
low,low,two,two,med,low,Unacceptable
low,low,two,two,med,med,Unacceptable
low,low,two,two,med,high,Unacceptable
low,low,two,two,big,low,Unacceptable
low,low,two,two,big,med,Unacceptable
low,low,two,two,big,high,Unacceptable
vhigh,vhigh,three,two,small,low,Unacceptable
vhigh,vhigh,three,two,small,med,Unacceptable
vhigh,vhigh,three,two,small,high,Unacceptable
vhigh,vhigh,three,two,med,low,Unacceptable
vhigh,vhigh,three,two,med,med,Unacceptable
vhigh,vhigh,three,two,med,high,Unacceptable
vhigh,vhigh,three,two,big,low,Unacceptable
vhigh,vhigh,three,two,big,med,Unacceptable
vhigh,vhigh,three,two,big,high,Unacceptable
vhigh,high,three,two,small,low,Unacceptable
vhigh,high,three,two,small,med,Unacceptable
vhigh,high,three,two,small,high,Unacceptable
vhigh,high,three,two,med,low,Unacceptable
vhigh,high,three,two,med,med,Unacceptable
vhigh,high,three,two,med,high,Unacceptable
vhigh,high,three,two,big,low,Unacceptable
vhigh,high,three,two,big,med,Unacceptable
vhigh,high,three,two,big,high,Unacceptable
vhigh,med,three,two,small,low,Unacceptable
vhigh,med,three,two,small,med,Unacceptable
vhigh,med,three,two,small,high,Unacceptable
vhigh,med,three,two,med,low,Unacceptable
vhigh,med,three,two,med,med,Unacceptable
vhigh,med,three,two,med,high,Unacceptable
vhigh,med,three,two,big,low,Unacceptable
vhigh,med,three,two,big,med,Unacceptable
vhigh,med,three,two,big,high,Unacceptable
vhigh,low,three,two,small,low,Unacceptable
vhigh,low,three,two,small,med,Unacceptable
vhigh,low,three,two,small,high,Unacceptable
vhigh,low,three,two,med,low,Unacceptable
vhigh,low,three,two,med,med,Unacceptable
vhigh,low,three,two,med,high,Unacceptable
vhigh,low,three,two,big,low,Unacceptable
vhigh,low,three,two,big,med,Unacceptable
vhigh,low,three,two,big,high,Unacceptable
high,vhigh,three,two,small,low,Unacceptable
high,vhigh,three,two,small,med,Unacceptable
high,vhigh,three,two,small,high,Unacceptable
high,vhigh,three,two,med,low,Unacceptable
high,vhigh,three,two,med,med,Unacceptable
high,vhigh,three,two,med,high,Unacceptable
high,vhigh,three,two,big,low,Unacceptable
high,vhigh,three,two,big,med,Unacceptable
high,vhigh,three,two,big,high,Unacceptable
high,high,three,two,small,low,Unacceptable
high,high,three,two,small,med,Unacceptable
high,high,three,two,small,high,Unacceptable
high,high,three,two,med,low,Unacceptable
high,high,three,two,med,med,Unacceptable
high,high,three,two,med,high,Unacceptable
high,high,three,two,big,low,Unacceptable
high,high,three,two,big,med,Unacceptable
high,high,three,two,big,high,Unacceptable
high,med,three,two,small,low,Unacceptable
high,med,three,two,small,med,Unacceptable
high,med,three,two,small,high,Unacceptable
high,med,three,two,med,low,Unacceptable
high,med,three,two,med,med,Unacceptable
high,med,three,two,med,high,Unacceptable
high,med,three,two,big,low,Unacceptable
high,med,three,two,big,med,Unacceptable
high,med,three,two,big,high,Unacceptable
high,low,three,two,small,low,Unacceptable
high,low,three,two,small,med,Unacceptable
high,low,three,two,small,high,Unacceptable
high,low,three,two,med,low,Unacceptable
high,low,three,two,med,med,Unacceptable
high,low,three,two,med,high,Unacceptable
high,low,three,two,big,low,Unacceptable
high,low,three,two,big,med,Unacceptable
high,low,three,two,big,high,Unacceptable
med,vhigh,three,two,small,low,Unacceptable
med,vhigh,three,two,small,med,Unacceptable
med,vhigh,three,two,small,high,Unacceptable
med,vhigh,three,two,med,low,Unacceptable
med,vhigh,three,two,med,med,Unacceptable
med,vhigh,three,two,med,high,Unacceptable
med,vhigh,three,two,big,low,Unacceptable
med,vhigh,three,two,big,med,Unacceptable
med,vhigh,three,two,big,high,Unacceptable
med,high,three,two,small,low,Unacceptable
med,high,three,two,small,med,Unacceptable
med,high,three,two,small,high,Unacceptable
med,high,three,two,med,low,Unacceptable
med,high,three,two,med,med,Unacceptable
med,high,three,two,med,high,Unacceptable
med,high,three,two,big,low,Unacceptable
med,high,three,two,big,med,Unacceptable
med,high,three,two,big,high,Unacceptable
med,med,three,two,small,low,Unacceptable
med,med,three,two,small,med,Unacceptable
med,med,three,two,small,high,Unacceptable
med,med,three,two,med,low,Unacceptable
med,med,three,two,med,med,Unacceptable
med,med,three,two,med,high,Unacceptable
med,med,three,two,big,low,Unacceptable
med,med,three,two,big,med,Unacceptable
med,med,three,two,big,high,Unacceptable
med,low,three,two,small,low,Unacceptable
med,low,three,two,small,med,Unacceptable
med,low,three,two,small,high,Unacceptable
med,low,three,two,med,low,Unacceptable
med,low,three,two,med,med,Unacceptable
med,low,three,two,med,high,Unacceptable
med,low,three,two,big,low,Unacceptable
med,low,three,two,big,med,Unacceptable
med,low,three,two,big,high,Unacceptable
low,vhigh,three,two,small,low,Unacceptable
low,vhigh,three,two,small,med,Unacceptable
low,vhigh,three,two,small,high,Unacceptable
low,vhigh,three,two,med,low,Unacceptable
low,vhigh,three,two,med,med,Unacceptable
low,vhigh,three,two,med,high,Unacceptable
low,vhigh,three,two,big,low,Unacceptable
low,vhigh,three,two,big,med,Unacceptable
low,vhigh,three,two,big,high,Unacceptable
low,high,three,two,small,low,Unacceptable
low,high,three,two,small,med,Unacceptable
low,high,three,two,small,high,Unacceptable
low,high,three,two,med,low,Unacceptable
low,high,three,two,med,med,Unacceptable
low,high,three,two,med,high,Unacceptable
low,high,three,two,big,low,Unacceptable
low,high,three,two,big,med,Unacceptable
low,high,three,two,big,high,Unacceptable
low,med,three,two,small,low,Unacceptable
low,med,three,two,small,med,Unacceptable
low,med,three,two,small,high,Unacceptable
low,med,three,two,med,low,Unacceptable
low,med,three,two,med,med,Unacceptable
low,med,three,two,med,high,Unacceptable
low,med,three,two,big,low,Unacceptable
low,med,three,two,big,med,Unacceptable
low,med,three,two,big,high,Unacceptable
low,low,three,two,small,low,Unacceptable
low,low,three,two,small,med,Unacceptable
low,low,three,two,small,high,Unacceptable
low,low,three,two,med,low,Unacceptable
low,low,three,two,med,med,Unacceptable
low,low,three,two,med,high,Unacceptable
low,low,three,two,big,low,Unacceptable
low,low,three,two,big,med,Unacceptable
low,low,three,two,big,high,Unacceptable
vhigh,vhigh,four,two,small,low,Unacceptable
vhigh,vhigh,four,two,small,med,Unacceptable
vhigh,vhigh,four,two,small,high,Unacceptable
vhigh,vhigh,four,two,med,low,Unacceptable
vhigh,vhigh,four,two,med,med,Unacceptable
vhigh,vhigh,four,two,med,high,Unacceptable
vhigh,vhigh,four,two,big,low,Unacceptable
vhigh,vhigh,four,two,big,med,Unacceptable
vhigh,vhigh,four,two,big,high,Unacceptable
vhigh,high,four,two,small,low,Unacceptable
vhigh,high,four,two,small,med,Unacceptable
vhigh,high,four,two,small,high,Unacceptable
vhigh,high,four,two,med,low,Unacceptable
vhigh,high,four,two,med,med,Unacceptable
vhigh,high,four,two,med,high,Unacceptable
vhigh,high,four,two,big,low,Unacceptable
vhigh,high,four,two,big,med,Unacceptable
vhigh,high,four,two,big,high,Unacceptable
vhigh,med,four,two,small,low,Unacceptable
vhigh,med,four,two,small,med,Unacceptable
vhigh,med,four,two,small,high,Unacceptable
vhigh,med,four,two,med,low,Unacceptable
vhigh,med,four,two,med,med,Unacceptable
vhigh,med,four,two,med,high,Unacceptable
vhigh,med,four,two,big,low,Unacceptable
vhigh,med,four,two,big,med,Unacceptable
vhigh,med,four,two,big,high,Unacceptable
vhigh,low,four,two,small,low,Unacceptable
vhigh,low,four,two,small,med,Unacceptable
vhigh,low,four,two,small,high,Unacceptable
vhigh,low,four,two,med,low,Unacceptable
vhigh,low,four,two,med,med,Unacceptable
vhigh,low,four,two,med,high,Unacceptable
vhigh,low,four,two,big,low,Unacceptable
vhigh,low,four,two,big,med,Unacceptable
vhigh,low,four,two,big,high,Unacceptable
high,vhigh,four,two,small,low,Unacceptable
high,vhigh,four,two,small,med,Unacceptable
high,vhigh,four,two,small,high,Unacceptable
high,vhigh,four,two,med,low,Unacceptable
high,vhigh,four,two,med,med,Unacceptable
high,vhigh,four,two,med,high,Unacceptable
high,vhigh,four,two,big,low,Unacceptable
high,vhigh,four,two,big,med,Unacceptable
high,vhigh,four,two,big,high,Unacceptable
high,high,four,two,small,low,Unacceptable
high,high,four,two,small,med,Unacceptable
high,high,four,two,small,high,Unacceptable
high,high,four,two,med,low,Unacceptable
high,high,four,two,med,med,Unacceptable
high,high,four,two,med,high,Unacceptable
high,high,four,two,big,low,Unacceptable
high,high,four,two,big,med,Unacceptable
high,high,four,two,big,high,Unacceptable
high,med,four,two,small,low,Unacceptable
high,med,four,two,small,med,Unacceptable
high,med,four,two,small,high,Unacceptable
high,med,four,two,med,low,Unacceptable
high,med,four,two,med,med,Unacceptable
high,med,four,two,med,high,Unacceptable
high,med,four,two,big,low,Unacceptable
high,med,four,two,big,med,Unacceptable
high,med,four,two,big,high,Unacceptable
high,low,four,two,small,low,Unacceptable
high,low,four,two,small,med,Unacceptable
high,low,four,two,small,high,Unacceptable
high,low,four,two,med,low,Unacceptable
high,low,four,two,med,med,Unacceptable
high,low,four,two,med,high,Unacceptable
high,low,four,two,big,low,Unacceptable
high,low,four,two,big,med,Unacceptable
high,low,four,two,big,high,Unacceptable
med,vhigh,four,two,small,low,Unacceptable
med,vhigh,four,two,small,med,Unacceptable
med,vhigh,four,two,small,high,Unacceptable
med,vhigh,four,two,med,low,Unacceptable
med,vhigh,four,two,med,med,Unacceptable
med,vhigh,four,two,med,high,Unacceptable
med,vhigh,four,two,big,low,Unacceptable
med,vhigh,four,two,big,med,Unacceptable
med,vhigh,four,two,big,high,Unacceptable
med,high,four,two,small,low,Unacceptable
med,high,four,two,small,med,Unacceptable
med,high,four,two,small,high,Unacceptable
med,high,four,two,med,low,Unacceptable
med,high,four,two,med,med,Unacceptable
med,high,four,two,med,high,Unacceptable
med,high,four,two,big,low,Unacceptable
med,high,four,two,big,med,Unacceptable
med,high,four,two,big,high,Unacceptable
med,med,four,two,small,low,Unacceptable
med,med,four,two,small,med,Unacceptable
med,med,four,two,small,high,Unacceptable
med,med,four,two,med,low,Unacceptable
med,med,four,two,med,med,Unacceptable
med,med,four,two,med,high,Unacceptable
med,med,four,two,big,low,Unacceptable
med,med,four,two,big,med,Unacceptable
med,med,four,two,big,high,Unacceptable
med,low,four,two,small,low,Unacceptable
med,low,four,two,small,med,Unacceptable
med,low,four,two,small,high,Unacceptable
med,low,four,two,med,low,Unacceptable
med,low,four,two,med,med,Unacceptable
med,low,four,two,med,high,Unacceptable
med,low,four,two,big,low,Unacceptable
med,low,four,two,big,med,Unacceptable
med,low,four,two,big,high,Unacceptable
low,vhigh,four,two,small,low,Unacceptable
low,vhigh,four,two,small,med,Unacceptable
low,vhigh,four,two,small,high,Unacceptable
low,vhigh,four,two,med,low,Unacceptable
low,vhigh,four,two,med,med,Unacceptable
low,vhigh,four,two,med,high,Unacceptable
low,vhigh,four,two,big,low,Unacceptable
low,vhigh,four,two,big,med,Unacceptable
low,vhigh,four,two,big,high,Unacceptable
low,high,four,two,small,low,Unacceptable
low,high,four,two,small,med,Unacceptable
low,high,four,two,small,high,Unacceptable
low,high,four,two,med,low,Unacceptable
low,high,four,two,med,med,Unacceptable
low,high,four,two,med,high,Unacceptable
low,high,four,two,big,low,Unacceptable
low,high,four,two,big,med,Unacceptable
low,high,four,two,big,high,Unacceptable
low,med,four,two,small,low,Unacceptable
low,med,four,two,small,med,Unacceptable
low,med,four,two,small,high,Unacceptable
low,med,four,two,med,low,Unacceptable
low,med,four,two,med,med,Unacceptable
low,med,four,two,med,high,Unacceptable
low,med,four,two,big,low,Unacceptable
low,med,four,two,big,med,Unacceptable
low,med,four,two,big,high,Unacceptable
low,low,four,two,small,low,Unacceptable
low,low,four,two,small,med,Unacceptable
low,low,four,two,small,high,Unacceptable
low,low,four,two,med,low,Unacceptable
low,low,four,two,med,med,Unacceptable
low,low,four,two,med,high,Unacceptable
low,low,four,two,big,low,Unacceptable
low,low,four,two,big,med,Unacceptable
low,low,four,two,big,high,Unacceptable
vhigh,vhigh,5more,two,small,low,Unacceptable
vhigh,vhigh,5more,two,small,med,Unacceptable
vhigh,vhigh,5more,two,small,high,Unacceptable
vhigh,vhigh,5more,two,med,low,Unacceptable
vhigh,vhigh,5more,two,med,med,Unacceptable
vhigh,vhigh,5more,two,med,high,Unacceptable
vhigh,vhigh,5more,two,big,low,Unacceptable
vhigh,vhigh,5more,two,big,med,Unacceptable
vhigh,vhigh,5more,two,big,high,Unacceptable
vhigh,high,5more,two,small,low,Unacceptable
vhigh,high,5more,two,small,med,Unacceptable
vhigh,high,5more,two,small,high,Unacceptable
vhigh,high,5more,two,med,low,Unacceptable
vhigh,high,5more,two,med,med,Unacceptable
vhigh,high,5more,two,med,high,Unacceptable
vhigh,high,5more,two,big,low,Unacceptable
vhigh,high,5more,two,big,med,Unacceptable
vhigh,high,5more,two,big,high,Unacceptable
vhigh,med,5more,two,small,low,Unacceptable
vhigh,med,5more,two,small,med,Unacceptable
vhigh,med,5more,two,small,high,Unacceptable
vhigh,med,5more,two,med,low,Unacceptable
vhigh,med,5more,two,med,med,Unacceptable
vhigh,med,5more,two,med,high,Unacceptable
vhigh,med,5more,two,big,low,Unacceptable
vhigh,med,5more,two,big,med,Unacceptable
vhigh,med,5more,two,big,high,Unacceptable
vhigh,low,5more,two,small,low,Unacceptable
vhigh,low,5more,two,small,med,Unacceptable
vhigh,low,5more,two,small,high,Unacceptable
vhigh,low,5more,two,med,low,Unacceptable
vhigh,low,5more,two,med,med,Unacceptable
vhigh,low,5more,two,med,high,Unacceptable
vhigh,low,5more,two,big,low,Unacceptable
vhigh,low,5more,two,big,med,Unacceptable
vhigh,low,5more,two,big,high,Unacceptable
high,vhigh,5more,two,small,low,Unacceptable
high,vhigh,5more,two,small,med,Unacceptable
high,vhigh,5more,two,small,high,Unacceptable
high,vhigh,5more,two,med,low,Unacceptable
high,vhigh,5more,two,med,med,Unacceptable
high,vhigh,5more,two,med,high,Unacceptable
high,vhigh,5more,two,big,low,Unacceptable
high,vhigh,5more,two,big,med,Unacceptable
high,vhigh,5more,two,big,high,Unacceptable
high,high,5more,two,small,low,Unacceptable
high,high,5more,two,small,med,Unacceptable
high,high,5more,two,small,high,Unacceptable
high,high,5more,two,med,low,Unacceptable
high,high,5more,two,med,med,Unacceptable
high,high,5more,two,med,high,Unacceptable
high,high,5more,two,big,low,Unacceptable
high,high,5more,two,big,med,Unacceptable
high,high,5more,two,big,high,Unacceptable
high,med,5more,two,small,low,Unacceptable
high,med,5more,two,small,med,Unacceptable
high,med,5more,two,small,high,Unacceptable
high,med,5more,two,med,low,Unacceptable
high,med,5more,two,med,med,Unacceptable
high,med,5more,two,med,high,Unacceptable
high,med,5more,two,big,low,Unacceptable
high,med,5more,two,big,med,Unacceptable
high,med,5more,two,big,high,Unacceptable
high,low,5more,two,small,low,Unacceptable
high,low,5more,two,small,med,Unacceptable
high,low,5more,two,small,high,Unacceptable
high,low,5more,two,med,low,Unacceptable
high,low,5more,two,med,med,Unacceptable
high,low,5more,two,med,high,Unacceptable
high,low,5more,two,big,low,Unacceptable
high,low,5more,two,big,med,Unacceptable
high,low,5more,two,big,high,Unacceptable
med,vhigh,5more,two,small,low,Unacceptable
med,vhigh,5more,two,small,med,Unacceptable
med,vhigh,5more,two,small,high,Unacceptable
med,vhigh,5more,two,med,low,Unacceptable
med,vhigh,5more,two,med,med,Unacceptable
med,vhigh,5more,two,med,high,Unacceptable
med,vhigh,5more,two,big,low,Unacceptable
med,vhigh,5more,two,big,med,Unacceptable
med,vhigh,5more,two,big,high,Unacceptable
med,high,5more,two,small,low,Unacceptable
med,high,5more,two,small,med,Unacceptable
med,high,5more,two,small,high,Unacceptable
med,high,5more,two,med,low,Unacceptable
med,high,5more,two,med,med,Unacceptable
med,high,5more,two,med,high,Unacceptable
med,high,5more,two,big,low,Unacceptable
med,high,5more,two,big,med,Unacceptable
med,high,5more,two,big,high,Unacceptable
med,med,5more,two,small,low,Unacceptable
med,med,5more,two,small,med,Unacceptable
med,med,5more,two,small,high,Unacceptable
med,med,5more,two,med,low,Unacceptable
med,med,5more,two,med,med,Unacceptable
med,med,5more,two,med,high,Unacceptable
med,med,5more,two,big,low,Unacceptable
med,med,5more,two,big,med,Unacceptable
med,med,5more,two,big,high,Unacceptable
med,low,5more,two,small,low,Unacceptable
med,low,5more,two,small,med,Unacceptable
med,low,5more,two,small,high,Unacceptable
med,low,5more,two,med,low,Unacceptable
med,low,5more,two,med,med,Unacceptable
med,low,5more,two,med,high,Unacceptable
med,low,5more,two,big,low,Unacceptable
med,low,5more,two,big,med,Unacceptable
med,low,5more,two,big,high,Unacceptable
low,vhigh,5more,two,small,low,Unacceptable
low,vhigh,5more,two,small,med,Unacceptable
low,vhigh,5more,two,small,high,Unacceptable
low,vhigh,5more,two,med,low,Unacceptable
low,vhigh,5more,two,med,med,Unacceptable
low,vhigh,5more,two,med,high,Unacceptable
low,vhigh,5more,two,big,low,Unacceptable
low,vhigh,5more,two,big,med,Unacceptable
low,vhigh,5more,two,big,high,Unacceptable
low,high,5more,two,small,low,Unacceptable
low,high,5more,two,small,med,Unacceptable
low,high,5more,two,small,high,Unacceptable
low,high,5more,two,med,low,Unacceptable
low,high,5more,two,med,med,Unacceptable
low,high,5more,two,med,high,Unacceptable
low,high,5more,two,big,low,Unacceptable
low,high,5more,two,big,med,Unacceptable
low,high,5more,two,big,high,Unacceptable
low,med,5more,two,small,low,Unacceptable
low,med,5more,two,small,med,Unacceptable
low,med,5more,two,small,high,Unacceptable
low,med,5more,two,med,low,Unacceptable
low,med,5more,two,med,med,Unacceptable
low,med,5more,two,med,high,Unacceptable
low,med,5more,two,big,low,Unacceptable
low,med,5more,two,big,med,Unacceptable
low,med,5more,two,big,high,Unacceptable
low,low,5more,two,small,low,Unacceptable
low,low,5more,two,small,med,Unacceptable
low,low,5more,two,small,high,Unacceptable
low,low,5more,two,med,low,Unacceptable
low,low,5more,two,med,med,Unacceptable
low,low,5more,two,med,high,Unacceptable
low,low,5more,two,big,low,Unacceptable
low,low,5more,two,big,med,Unacceptable
low,low,5more,two,big,high,Unacceptable
vhigh,vhigh,two,four,small,low,Unacceptable
vhigh,vhigh,two,four,small,med,Unacceptable
vhigh,vhigh,two,four,small,high,Unacceptable
vhigh,vhigh,two,four,med,low,Unacceptable
vhigh,vhigh,two,four,med,med,Unacceptable
vhigh,vhigh,two,four,med,high,Unacceptable
vhigh,vhigh,two,four,big,low,Unacceptable
vhigh,vhigh,two,four,big,med,Unacceptable
vhigh,vhigh,two,four,big,high,Unacceptable
vhigh,high,two,four,small,low,Unacceptable
vhigh,high,two,four,small,med,Unacceptable
vhigh,high,two,four,small,high,Unacceptable
vhigh,high,two,four,med,low,Unacceptable
vhigh,high,two,four,med,med,Unacceptable
vhigh,high,two,four,med,high,Unacceptable
vhigh,high,two,four,big,low,Unacceptable
vhigh,high,two,four,big,med,Unacceptable
vhigh,high,two,four,big,high,Unacceptable
vhigh,med,two,four,small,low,Unacceptable
vhigh,med,two,four,small,med,Unacceptable
vhigh,med,two,four,small,high,Acceptable
vhigh,med,two,four,med,low,Unacceptable
vhigh,med,two,four,med,med,Unacceptable
vhigh,med,two,four,med,high,Acceptable
vhigh,med,two,four,big,low,Unacceptable
vhigh,med,two,four,big,med,Acceptable
vhigh,med,two,four,big,high,Acceptable
vhigh,low,two,four,small,low,Unacceptable
vhigh,low,two,four,small,med,Unacceptable
vhigh,low,two,four,small,high,Acceptable
vhigh,low,two,four,med,low,Unacceptable
vhigh,low,two,four,med,med,Unacceptable
vhigh,low,two,four,med,high,Acceptable
vhigh,low,two,four,big,low,Unacceptable
vhigh,low,two,four,big,med,Acceptable
vhigh,low,two,four,big,high,Acceptable
high,vhigh,two,four,small,low,Unacceptable
high,vhigh,two,four,small,med,Unacceptable
high,vhigh,two,four,small,high,Unacceptable
high,vhigh,two,four,med,low,Unacceptable
high,vhigh,two,four,med,med,Unacceptable
high,vhigh,two,four,med,high,Unacceptable
high,vhigh,two,four,big,low,Unacceptable
high,vhigh,two,four,big,med,Unacceptable
high,vhigh,two,four,big,high,Unacceptable
high,high,two,four,small,low,Unacceptable
high,high,two,four,small,med,Unacceptable
high,high,two,four,small,high,Acceptable
high,high,two,four,med,low,Unacceptable
high,high,two,four,med,med,Unacceptable
high,high,two,four,med,high,Acceptable
high,high,two,four,big,low,Unacceptable
high,high,two,four,big,med,Acceptable
high,high,two,four,big,high,Acceptable
high,med,two,four,small,low,Unacceptable
high,med,two,four,small,med,Unacceptable
high,med,two,four,small,high,Acceptable
high,med,two,four,med,low,Unacceptable
high,med,two,four,med,med,Unacceptable
high,med,two,four,med,high,Acceptable
high,med,two,four,big,low,Unacceptable
high,med,two,four,big,med,Acceptable
high,med,two,four,big,high,Acceptable
high,low,two,four,small,low,Unacceptable
high,low,two,four,small,med,Unacceptable
high,low,two,four,small,high,Acceptable
high,low,two,four,med,low,Unacceptable
high,low,two,four,med,med,Unacceptable
high,low,two,four,med,high,Acceptable
high,low,two,four,big,low,Unacceptable
high,low,two,four,big,med,Acceptable
high,low,two,four,big,high,Acceptable
med,vhigh,two,four,small,low,Unacceptable
med,vhigh,two,four,small,med,Unacceptable
med,vhigh,two,four,small,high,Acceptable
med,vhigh,two,four,med,low,Unacceptable
med,vhigh,two,four,med,med,Unacceptable
med,vhigh,two,four,med,high,Acceptable
med,vhigh,two,four,big,low,Unacceptable
med,vhigh,two,four,big,med,Acceptable
med,vhigh,two,four,big,high,Acceptable
med,high,two,four,small,low,Unacceptable
med,high,two,four,small,med,Unacceptable
med,high,two,four,small,high,Acceptable
med,high,two,four,med,low,Unacceptable
med,high,two,four,med,med,Unacceptable
med,high,two,four,med,high,Acceptable
med,high,two,four,big,low,Unacceptable
med,high,two,four,big,med,Acceptable
med,high,two,four,big,high,Acceptable
med,med,two,four,small,low,Unacceptable
med,med,two,four,small,med,Acceptable
med,med,two,four,small,high,Acceptable
med,med,two,four,med,low,Unacceptable
med,med,two,four,med,med,Acceptable
med,med,two,four,med,high,Acceptable
med,med,two,four,big,low,Unacceptable
med,med,two,four,big,med,Acceptable
med,med,two,four,big,high,vgood
med,low,two,four,small,low,Unacceptable
med,low,two,four,small,med,Acceptable
med,low,two,four,small,high,good
med,low,two,four,med,low,Unacceptable
med,low,two,four,med,med,Acceptable
med,low,two,four,med,high,good
med,low,two,four,big,low,Unacceptable
med,low,two,four,big,med,good
med,low,two,four,big,high,vgood
low,vhigh,two,four,small,low,Unacceptable
low,vhigh,two,four,small,med,Unacceptable
low,vhigh,two,four,small,high,Acceptable
low,vhigh,two,four,med,low,Unacceptable
low,vhigh,two,four,med,med,Unacceptable
low,vhigh,two,four,med,high,Acceptable
low,vhigh,two,four,big,low,Unacceptable
low,vhigh,two,four,big,med,Acceptable
low,vhigh,two,four,big,high,Acceptable
low,high,two,four,small,low,Unacceptable
low,high,two,four,small,med,Acceptable
low,high,two,four,small,high,Acceptable
low,high,two,four,med,low,Unacceptable
low,high,two,four,med,med,Acceptable
low,high,two,four,med,high,Acceptable
low,high,two,four,big,low,Unacceptable
low,high,two,four,big,med,Acceptable
low,high,two,four,big,high,vgood
low,med,two,four,small,low,Unacceptable
low,med,two,four,small,med,Acceptable
low,med,two,four,small,high,good
low,med,two,four,med,low,Unacceptable
low,med,two,four,med,med,Acceptable
low,med,two,four,med,high,good
low,med,two,four,big,low,Unacceptable
low,med,two,four,big,med,good
low,med,two,four,big,high,vgood
low,low,two,four,small,low,Unacceptable
low,low,two,four,small,med,Acceptable
low,low,two,four,small,high,good
low,low,two,four,med,low,Unacceptable
low,low,two,four,med,med,Acceptable
low,low,two,four,med,high,good
low,low,two,four,big,low,Unacceptable
low,low,two,four,big,med,good
low,low,two,four,big,high,vgood
vhigh,vhigh,three,four,small,low,Unacceptable
vhigh,vhigh,three,four,small,med,Unacceptable
vhigh,vhigh,three,four,small,high,Unacceptable
vhigh,vhigh,three,four,med,low,Unacceptable
vhigh,vhigh,three,four,med,med,Unacceptable
vhigh,vhigh,three,four,med,high,Unacceptable
vhigh,vhigh,three,four,big,low,Unacceptable
vhigh,vhigh,three,four,big,med,Unacceptable
vhigh,vhigh,three,four,big,high,Unacceptable
vhigh,high,three,four,small,low,Unacceptable
vhigh,high,three,four,small,med,Unacceptable
vhigh,high,three,four,small,high,Unacceptable
vhigh,high,three,four,med,low,Unacceptable
vhigh,high,three,four,med,med,Unacceptable
vhigh,high,three,four,med,high,Unacceptable
vhigh,high,three,four,big,low,Unacceptable
vhigh,high,three,four,big,med,Unacceptable
vhigh,high,three,four,big,high,Unacceptable
vhigh,med,three,four,small,low,Unacceptable
vhigh,med,three,four,small,med,Unacceptable
vhigh,med,three,four,small,high,Acceptable
vhigh,med,three,four,med,low,Unacceptable
vhigh,med,three,four,med,med,Unacceptable
vhigh,med,three,four,med,high,Acceptable
vhigh,med,three,four,big,low,Unacceptable
vhigh,med,three,four,big,med,Acceptable
vhigh,med,three,four,big,high,Acceptable
vhigh,low,three,four,small,low,Unacceptable
vhigh,low,three,four,small,med,Unacceptable
vhigh,low,three,four,small,high,Acceptable
vhigh,low,three,four,med,low,Unacceptable
vhigh,low,three,four,med,med,Unacceptable
vhigh,low,three,four,med,high,Acceptable
vhigh,low,three,four,big,low,Unacceptable
vhigh,low,three,four,big,med,Acceptable
vhigh,low,three,four,big,high,Acceptable
high,vhigh,three,four,small,low,Unacceptable
high,vhigh,three,four,small,med,Unacceptable
high,vhigh,three,four,small,high,Unacceptable
high,vhigh,three,four,med,low,Unacceptable
high,vhigh,three,four,med,med,Unacceptable
high,vhigh,three,four,med,high,Unacceptable
high,vhigh,three,four,big,low,Unacceptable
high,vhigh,three,four,big,med,Unacceptable
high,vhigh,three,four,big,high,Unacceptable
high,high,three,four,small,low,Unacceptable
high,high,three,four,small,med,Unacceptable
high,high,three,four,small,high,Acceptable
high,high,three,four,med,low,Unacceptable
high,high,three,four,med,med,Unacceptable
high,high,three,four,med,high,Acceptable
high,high,three,four,big,low,Unacceptable
high,high,three,four,big,med,Acceptable
high,high,three,four,big,high,Acceptable
high,med,three,four,small,low,Unacceptable
high,med,three,four,small,med,Unacceptable
high,med,three,four,small,high,Acceptable
high,med,three,four,med,low,Unacceptable
high,med,three,four,med,med,Unacceptable
high,med,three,four,med,high,Acceptable
high,med,three,four,big,low,Unacceptable
high,med,three,four,big,med,Acceptable
high,med,three,four,big,high,Acceptable
high,low,three,four,small,low,Unacceptable
high,low,three,four,small,med,Unacceptable
high,low,three,four,small,high,Acceptable
high,low,three,four,med,low,Unacceptable
high,low,three,four,med,med,Unacceptable
high,low,three,four,med,high,Acceptable
high,low,three,four,big,low,Unacceptable
high,low,three,four,big,med,Acceptable
high,low,three,four,big,high,Acceptable
med,vhigh,three,four,small,low,Unacceptable
med,vhigh,three,four,small,med,Unacceptable
med,vhigh,three,four,small,high,Acceptable
med,vhigh,three,four,med,low,Unacceptable
med,vhigh,three,four,med,med,Unacceptable
med,vhigh,three,four,med,high,Acceptable
med,vhigh,three,four,big,low,Unacceptable
med,vhigh,three,four,big,med,Acceptable
med,vhigh,three,four,big,high,Acceptable
med,high,three,four,small,low,Unacceptable
med,high,three,four,small,med,Unacceptable
med,high,three,four,small,high,Acceptable
med,high,three,four,med,low,Unacceptable
med,high,three,four,med,med,Unacceptable
med,high,three,four,med,high,Acceptable
med,high,three,four,big,low,Unacceptable
med,high,three,four,big,med,Acceptable
med,high,three,four,big,high,Acceptable
med,med,three,four,small,low,Unacceptable
med,med,three,four,small,med,Acceptable
med,med,three,four,small,high,Acceptable
med,med,three,four,med,low,Unacceptable
med,med,three,four,med,med,Acceptable
med,med,three,four,med,high,Acceptable
med,med,three,four,big,low,Unacceptable
med,med,three,four,big,med,Acceptable
med,med,three,four,big,high,vgood
med,low,three,four,small,low,Unacceptable
med,low,three,four,small,med,Acceptable
med,low,three,four,small,high,good
med,low,three,four,med,low,Unacceptable
med,low,three,four,med,med,Acceptable
med,low,three,four,med,high,good
med,low,three,four,big,low,Unacceptable
med,low,three,four,big,med,good
med,low,three,four,big,high,vgood
low,vhigh,three,four,small,low,Unacceptable
low,vhigh,three,four,small,med,Unacceptable
low,vhigh,three,four,small,high,Acceptable
low,vhigh,three,four,med,low,Unacceptable
low,vhigh,three,four,med,med,Unacceptable
low,vhigh,three,four,med,high,Acceptable
low,vhigh,three,four,big,low,Unacceptable
low,vhigh,three,four,big,med,Acceptable
low,vhigh,three,four,big,high,Acceptable
low,high,three,four,small,low,Unacceptable
low,high,three,four,small,med,Acceptable
low,high,three,four,small,high,Acceptable
low,high,three,four,med,low,Unacceptable
low,high,three,four,med,med,Acceptable
low,high,three,four,med,high,Acceptable
low,high,three,four,big,low,Unacceptable
low,high,three,four,big,med,Acceptable
low,high,three,four,big,high,vgood
low,med,three,four,small,low,Unacceptable
low,med,three,four,small,med,Acceptable
low,med,three,four,small,high,good
low,med,three,four,med,low,Unacceptable
low,med,three,four,med,med,Acceptable
low,med,three,four,med,high,good
low,med,three,four,big,low,Unacceptable
low,med,three,four,big,med,good
low,med,three,four,big,high,vgood
low,low,three,four,small,low,Unacceptable
low,low,three,four,small,med,Acceptable
low,low,three,four,small,high,good
low,low,three,four,med,low,Unacceptable
low,low,three,four,med,med,Acceptable
low,low,three,four,med,high,good
low,low,three,four,big,low,Unacceptable
low,low,three,four,big,med,good
low,low,three,four,big,high,vgood
vhigh,vhigh,four,four,small,low,Unacceptable
vhigh,vhigh,four,four,small,med,Unacceptable
vhigh,vhigh,four,four,small,high,Unacceptable
vhigh,vhigh,four,four,med,low,Unacceptable
vhigh,vhigh,four,four,med,med,Unacceptable
vhigh,vhigh,four,four,med,high,Unacceptable
vhigh,vhigh,four,four,big,low,Unacceptable
vhigh,vhigh,four,four,big,med,Unacceptable
vhigh,vhigh,four,four,big,high,Unacceptable
vhigh,high,four,four,small,low,Unacceptable
vhigh,high,four,four,small,med,Unacceptable
vhigh,high,four,four,small,high,Unacceptable
vhigh,high,four,four,med,low,Unacceptable
vhigh,high,four,four,med,med,Unacceptable
vhigh,high,four,four,med,high,Unacceptable
vhigh,high,four,four,big,low,Unacceptable
vhigh,high,four,four,big,med,Unacceptable
vhigh,high,four,four,big,high,Unacceptable
vhigh,med,four,four,small,low,Unacceptable
vhigh,med,four,four,small,med,Unacceptable
vhigh,med,four,four,small,high,Acceptable
vhigh,med,four,four,med,low,Unacceptable
vhigh,med,four,four,med,med,Acceptable
vhigh,med,four,four,med,high,Acceptable
vhigh,med,four,four,big,low,Unacceptable
vhigh,med,four,four,big,med,Acceptable
vhigh,med,four,four,big,high,Acceptable
vhigh,low,four,four,small,low,Unacceptable
vhigh,low,four,four,small,med,Unacceptable
vhigh,low,four,four,small,high,Acceptable
vhigh,low,four,four,med,low,Unacceptable
vhigh,low,four,four,med,med,Acceptable
vhigh,low,four,four,med,high,Acceptable
vhigh,low,four,four,big,low,Unacceptable
vhigh,low,four,four,big,med,Acceptable
vhigh,low,four,four,big,high,Acceptable
high,vhigh,four,four,small,low,Unacceptable
high,vhigh,four,four,small,med,Unacceptable
high,vhigh,four,four,small,high,Unacceptable
high,vhigh,four,four,med,low,Unacceptable
high,vhigh,four,four,med,med,Unacceptable
high,vhigh,four,four,med,high,Unacceptable
high,vhigh,four,four,big,low,Unacceptable
high,vhigh,four,four,big,med,Unacceptable
high,vhigh,four,four,big,high,Unacceptable
high,high,four,four,small,low,Unacceptable
high,high,four,four,small,med,Unacceptable
high,high,four,four,small,high,Acceptable
high,high,four,four,med,low,Unacceptable
high,high,four,four,med,med,Acceptable
high,high,four,four,med,high,Acceptable
high,high,four,four,big,low,Unacceptable
high,high,four,four,big,med,Acceptable
high,high,four,four,big,high,Acceptable
high,med,four,four,small,low,Unacceptable
high,med,four,four,small,med,Unacceptable
high,med,four,four,small,high,Acceptable
high,med,four,four,med,low,Unacceptable
high,med,four,four,med,med,Acceptable
high,med,four,four,med,high,Acceptable
high,med,four,four,big,low,Unacceptable
high,med,four,four,big,med,Acceptable
high,med,four,four,big,high,Acceptable
high,low,four,four,small,low,Unacceptable
high,low,four,four,small,med,Unacceptable
high,low,four,four,small,high,Acceptable
high,low,four,four,med,low,Unacceptable
high,low,four,four,med,med,Acceptable
high,low,four,four,med,high,Acceptable
high,low,four,four,big,low,Unacceptable
high,low,four,four,big,med,Acceptable
high,low,four,four,big,high,Acceptable
med,vhigh,four,four,small,low,Unacceptable
med,vhigh,four,four,small,med,Unacceptable
med,vhigh,four,four,small,high,Acceptable
med,vhigh,four,four,med,low,Unacceptable
med,vhigh,four,four,med,med,Acceptable
med,vhigh,four,four,med,high,Acceptable
med,vhigh,four,four,big,low,Unacceptable
med,vhigh,four,four,big,med,Acceptable
med,vhigh,four,four,big,high,Acceptable
med,high,four,four,small,low,Unacceptable
med,high,four,four,small,med,Unacceptable
med,high,four,four,small,high,Acceptable
med,high,four,four,med,low,Unacceptable
med,high,four,four,med,med,Acceptable
med,high,four,four,med,high,Acceptable
med,high,four,four,big,low,Unacceptable
med,high,four,four,big,med,Acceptable
med,high,four,four,big,high,Acceptable
med,med,four,four,small,low,Unacceptable
med,med,four,four,small,med,Acceptable
med,med,four,four,small,high,Acceptable
med,med,four,four,med,low,Unacceptable
med,med,four,four,med,med,Acceptable
med,med,four,four,med,high,vgood
med,med,four,four,big,low,Unacceptable
med,med,four,four,big,med,Acceptable
med,med,four,four,big,high,vgood
med,low,four,four,small,low,Unacceptable
med,low,four,four,small,med,Acceptable
med,low,four,four,small,high,good
med,low,four,four,med,low,Unacceptable
med,low,four,four,med,med,good
med,low,four,four,med,high,vgood
med,low,four,four,big,low,Unacceptable
med,low,four,four,big,med,good
med,low,four,four,big,high,vgood
low,vhigh,four,four,small,low,Unacceptable
low,vhigh,four,four,small,med,Unacceptable
low,vhigh,four,four,small,high,Acceptable
low,vhigh,four,four,med,low,Unacceptable
low,vhigh,four,four,med,med,Acceptable
low,vhigh,four,four,med,high,Acceptable
low,vhigh,four,four,big,low,Unacceptable
low,vhigh,four,four,big,med,Acceptable
low,vhigh,four,four,big,high,Acceptable
low,high,four,four,small,low,Unacceptable
low,high,four,four,small,med,Acceptable
low,high,four,four,small,high,Acceptable
low,high,four,four,med,low,Unacceptable
low,high,four,four,med,med,Acceptable
low,high,four,four,med,high,vgood
low,high,four,four,big,low,Unacceptable
low,high,four,four,big,med,Acceptable
low,high,four,four,big,high,vgood
low,med,four,four,small,low,Unacceptable
low,med,four,four,small,med,Acceptable
low,med,four,four,small,high,good
low,med,four,four,med,low,Unacceptable
low,med,four,four,med,med,good
low,med,four,four,med,high,vgood
low,med,four,four,big,low,Unacceptable
low,med,four,four,big,med,good
low,med,four,four,big,high,vgood
low,low,four,four,small,low,Unacceptable
low,low,four,four,small,med,Acceptable
low,low,four,four,small,high,good
low,low,four,four,med,low,Unacceptable
low,low,four,four,med,med,good
low,low,four,four,med,high,vgood
low,low,four,four,big,low,Unacceptable
low,low,four,four,big,med,good
low,low,four,four,big,high,vgood
vhigh,vhigh,5more,four,small,low,Unacceptable
vhigh,vhigh,5more,four,small,med,Unacceptable
vhigh,vhigh,5more,four,small,high,Unacceptable
vhigh,vhigh,5more,four,med,low,Unacceptable
vhigh,vhigh,5more,four,med,med,Unacceptable
vhigh,vhigh,5more,four,med,high,Unacceptable
vhigh,vhigh,5more,four,big,low,Unacceptable
vhigh,vhigh,5more,four,big,med,Unacceptable
vhigh,vhigh,5more,four,big,high,Unacceptable
vhigh,high,5more,four,small,low,Unacceptable
vhigh,high,5more,four,small,med,Unacceptable
vhigh,high,5more,four,small,high,Unacceptable
vhigh,high,5more,four,med,low,Unacceptable
vhigh,high,5more,four,med,med,Unacceptable
vhigh,high,5more,four,med,high,Unacceptable
vhigh,high,5more,four,big,low,Unacceptable
vhigh,high,5more,four,big,med,Unacceptable
vhigh,high,5more,four,big,high,Unacceptable
vhigh,med,5more,four,small,low,Unacceptable
vhigh,med,5more,four,small,med,Unacceptable
vhigh,med,5more,four,small,high,Acceptable
vhigh,med,5more,four,med,low,Unacceptable
vhigh,med,5more,four,med,med,Acceptable
vhigh,med,5more,four,med,high,Acceptable
vhigh,med,5more,four,big,low,Unacceptable
vhigh,med,5more,four,big,med,Acceptable
vhigh,med,5more,four,big,high,Acceptable
vhigh,low,5more,four,small,low,Unacceptable
vhigh,low,5more,four,small,med,Unacceptable
vhigh,low,5more,four,small,high,Acceptable
vhigh,low,5more,four,med,low,Unacceptable
vhigh,low,5more,four,med,med,Acceptable
vhigh,low,5more,four,med,high,Acceptable
vhigh,low,5more,four,big,low,Unacceptable
vhigh,low,5more,four,big,med,Acceptable
vhigh,low,5more,four,big,high,Acceptable
high,vhigh,5more,four,small,low,Unacceptable
high,vhigh,5more,four,small,med,Unacceptable
high,vhigh,5more,four,small,high,Unacceptable
high,vhigh,5more,four,med,low,Unacceptable
high,vhigh,5more,four,med,med,Unacceptable
high,vhigh,5more,four,med,high,Unacceptable
high,vhigh,5more,four,big,low,Unacceptable
high,vhigh,5more,four,big,med,Unacceptable
high,vhigh,5more,four,big,high,Unacceptable
high,high,5more,four,small,low,Unacceptable
high,high,5more,four,small,med,Unacceptable
high,high,5more,four,small,high,Acceptable
high,high,5more,four,med,low,Unacceptable
high,high,5more,four,med,med,Acceptable
high,high,5more,four,med,high,Acceptable
high,high,5more,four,big,low,Unacceptable
high,high,5more,four,big,med,Acceptable
high,high,5more,four,big,high,Acceptable
high,med,5more,four,small,low,Unacceptable
high,med,5more,four,small,med,Unacceptable
high,med,5more,four,small,high,Acceptable
high,med,5more,four,med,low,Unacceptable
high,med,5more,four,med,med,Acceptable
high,med,5more,four,med,high,Acceptable
high,med,5more,four,big,low,Unacceptable
high,med,5more,four,big,med,Acceptable
high,med,5more,four,big,high,Acceptable
high,low,5more,four,small,low,Unacceptable
high,low,5more,four,small,med,Unacceptable
high,low,5more,four,small,high,Acceptable
high,low,5more,four,med,low,Unacceptable
high,low,5more,four,med,med,Acceptable
high,low,5more,four,med,high,Acceptable
high,low,5more,four,big,low,Unacceptable
high,low,5more,four,big,med,Acceptable
high,low,5more,four,big,high,Acceptable
med,vhigh,5more,four,small,low,Unacceptable
med,vhigh,5more,four,small,med,Unacceptable
med,vhigh,5more,four,small,high,Acceptable
med,vhigh,5more,four,med,low,Unacceptable
med,vhigh,5more,four,med,med,Acceptable
med,vhigh,5more,four,med,high,Acceptable
med,vhigh,5more,four,big,low,Unacceptable
med,vhigh,5more,four,big,med,Acceptable
med,vhigh,5more,four,big,high,Acceptable
med,high,5more,four,small,low,Unacceptable
med,high,5more,four,small,med,Unacceptable
med,high,5more,four,small,high,Acceptable
med,high,5more,four,med,low,Unacceptable
med,high,5more,four,med,med,Acceptable
med,high,5more,four,med,high,Acceptable
med,high,5more,four,big,low,Unacceptable
med,high,5more,four,big,med,Acceptable
med,high,5more,four,big,high,Acceptable
med,med,5more,four,small,low,Unacceptable
med,med,5more,four,small,med,Acceptable
med,med,5more,four,small,high,Acceptable
med,med,5more,four,med,low,Unacceptable
med,med,5more,four,med,med,Acceptable
med,med,5more,four,med,high,vgood
med,med,5more,four,big,low,Unacceptable
med,med,5more,four,big,med,Acceptable
med,med,5more,four,big,high,vgood
med,low,5more,four,small,low,Unacceptable
med,low,5more,four,small,med,Acceptable
med,low,5more,four,small,high,good
med,low,5more,four,med,low,Unacceptable
med,low,5more,four,med,med,good
med,low,5more,four,med,high,vgood
med,low,5more,four,big,low,Unacceptable
med,low,5more,four,big,med,good
med,low,5more,four,big,high,vgood
low,vhigh,5more,four,small,low,Unacceptable
low,vhigh,5more,four,small,med,Unacceptable
low,vhigh,5more,four,small,high,Acceptable
low,vhigh,5more,four,med,low,Unacceptable
low,vhigh,5more,four,med,med,Acceptable
low,vhigh,5more,four,med,high,Acceptable
low,vhigh,5more,four,big,low,Unacceptable
low,vhigh,5more,four,big,med,Acceptable
low,vhigh,5more,four,big,high,Acceptable
low,high,5more,four,small,low,Unacceptable
low,high,5more,four,small,med,Acceptable
low,high,5more,four,small,high,Acceptable
low,high,5more,four,med,low,Unacceptable
low,high,5more,four,med,med,Acceptable
low,high,5more,four,med,high,vgood
low,high,5more,four,big,low,Unacceptable
low,high,5more,four,big,med,Acceptable
low,high,5more,four,big,high,vgood
low,med,5more,four,small,low,Unacceptable
low,med,5more,four,small,med,Acceptable
low,med,5more,four,small,high,good
low,med,5more,four,med,low,Unacceptable
low,med,5more,four,med,med,good
low,med,5more,four,med,high,vgood
low,med,5more,four,big,low,Unacceptable
low,med,5more,four,big,med,good
low,med,5more,four,big,high,vgood
low,low,5more,four,small,low,Unacceptable
low,low,5more,four,small,med,Acceptable
low,low,5more,four,small,high,good
low,low,5more,four,med,low,Unacceptable
low,low,5more,four,med,med,good
low,low,5more,four,med,high,vgood
low,low,5more,four,big,low,Unacceptable
low,low,5more,four,big,med,good
low,low,5more,four,big,high,vgood
vhigh,vhigh,two,more,small,low,Unacceptable
vhigh,vhigh,two,more,small,med,Unacceptable
vhigh,vhigh,two,more,small,high,Unacceptable
vhigh,vhigh,two,more,med,low,Unacceptable
vhigh,vhigh,two,more,med,med,Unacceptable
vhigh,vhigh,two,more,med,high,Unacceptable
vhigh,vhigh,two,more,big,low,Unacceptable
vhigh,vhigh,two,more,big,med,Unacceptable
vhigh,vhigh,two,more,big,high,Unacceptable
vhigh,high,two,more,small,low,Unacceptable
vhigh,high,two,more,small,med,Unacceptable
vhigh,high,two,more,small,high,Unacceptable
vhigh,high,two,more,med,low,Unacceptable
vhigh,high,two,more,med,med,Unacceptable
vhigh,high,two,more,med,high,Unacceptable
vhigh,high,two,more,big,low,Unacceptable
vhigh,high,two,more,big,med,Unacceptable
vhigh,high,two,more,big,high,Unacceptable
vhigh,med,two,more,small,low,Unacceptable
vhigh,med,two,more,small,med,Unacceptable
vhigh,med,two,more,small,high,Unacceptable
vhigh,med,two,more,med,low,Unacceptable
vhigh,med,two,more,med,med,Unacceptable
vhigh,med,two,more,med,high,Acceptable
vhigh,med,two,more,big,low,Unacceptable
vhigh,med,two,more,big,med,Acceptable
vhigh,med,two,more,big,high,Acceptable
vhigh,low,two,more,small,low,Unacceptable
vhigh,low,two,more,small,med,Unacceptable
vhigh,low,two,more,small,high,Unacceptable
vhigh,low,two,more,med,low,Unacceptable
vhigh,low,two,more,med,med,Unacceptable
vhigh,low,two,more,med,high,Acceptable
vhigh,low,two,more,big,low,Unacceptable
vhigh,low,two,more,big,med,Acceptable
vhigh,low,two,more,big,high,Acceptable
high,vhigh,two,more,small,low,Unacceptable
high,vhigh,two,more,small,med,Unacceptable
high,vhigh,two,more,small,high,Unacceptable
high,vhigh,two,more,med,low,Unacceptable
high,vhigh,two,more,med,med,Unacceptable
high,vhigh,two,more,med,high,Unacceptable
high,vhigh,two,more,big,low,Unacceptable
high,vhigh,two,more,big,med,Unacceptable
high,vhigh,two,more,big,high,Unacceptable
high,high,two,more,small,low,Unacceptable
high,high,two,more,small,med,Unacceptable
high,high,two,more,small,high,Unacceptable
high,high,two,more,med,low,Unacceptable
high,high,two,more,med,med,Unacceptable
high,high,two,more,med,high,Acceptable
high,high,two,more,big,low,Unacceptable
high,high,two,more,big,med,Acceptable
high,high,two,more,big,high,Acceptable
high,med,two,more,small,low,Unacceptable
high,med,two,more,small,med,Unacceptable
high,med,two,more,small,high,Unacceptable
high,med,two,more,med,low,Unacceptable
high,med,two,more,med,med,Unacceptable
high,med,two,more,med,high,Acceptable
high,med,two,more,big,low,Unacceptable
high,med,two,more,big,med,Acceptable
high,med,two,more,big,high,Acceptable
high,low,two,more,small,low,Unacceptable
high,low,two,more,small,med,Unacceptable
high,low,two,more,small,high,Unacceptable
high,low,two,more,med,low,Unacceptable
high,low,two,more,med,med,Unacceptable
high,low,two,more,med,high,Acceptable
high,low,two,more,big,low,Unacceptable
high,low,two,more,big,med,Acceptable
high,low,two,more,big,high,Acceptable
med,vhigh,two,more,small,low,Unacceptable
med,vhigh,two,more,small,med,Unacceptable
med,vhigh,two,more,small,high,Unacceptable
med,vhigh,two,more,med,low,Unacceptable
med,vhigh,two,more,med,med,Unacceptable
med,vhigh,two,more,med,high,Acceptable
med,vhigh,two,more,big,low,Unacceptable
med,vhigh,two,more,big,med,Acceptable
med,vhigh,two,more,big,high,Acceptable
med,high,two,more,small,low,Unacceptable
med,high,two,more,small,med,Unacceptable
med,high,two,more,small,high,Unacceptable
med,high,two,more,med,low,Unacceptable
med,high,two,more,med,med,Unacceptable
med,high,two,more,med,high,Acceptable
med,high,two,more,big,low,Unacceptable
med,high,two,more,big,med,Acceptable
med,high,two,more,big,high,Acceptable
med,med,two,more,small,low,Unacceptable
med,med,two,more,small,med,Unacceptable
med,med,two,more,small,high,Unacceptable
med,med,two,more,med,low,Unacceptable
med,med,two,more,med,med,Acceptable
med,med,two,more,med,high,Acceptable
med,med,two,more,big,low,Unacceptable
med,med,two,more,big,med,Acceptable
med,med,two,more,big,high,vgood
med,low,two,more,small,low,Unacceptable
med,low,two,more,small,med,Unacceptable
med,low,two,more,small,high,Unacceptable
med,low,two,more,med,low,Unacceptable
med,low,two,more,med,med,Acceptable
med,low,two,more,med,high,good
med,low,two,more,big,low,Unacceptable
med,low,two,more,big,med,good
med,low,two,more,big,high,vgood
low,vhigh,two,more,small,low,Unacceptable
low,vhigh,two,more,small,med,Unacceptable
low,vhigh,two,more,small,high,Unacceptable
low,vhigh,two,more,med,low,Unacceptable
low,vhigh,two,more,med,med,Unacceptable
low,vhigh,two,more,med,high,Acceptable
low,vhigh,two,more,big,low,Unacceptable
low,vhigh,two,more,big,med,Acceptable
low,vhigh,two,more,big,high,Acceptable
low,high,two,more,small,low,Unacceptable
low,high,two,more,small,med,Unacceptable
low,high,two,more,small,high,Unacceptable
low,high,two,more,med,low,Unacceptable
low,high,two,more,med,med,Acceptable
low,high,two,more,med,high,Acceptable
low,high,two,more,big,low,Unacceptable
low,high,two,more,big,med,Acceptable
low,high,two,more,big,high,vgood
low,med,two,more,small,low,Unacceptable
low,med,two,more,small,med,Unacceptable
low,med,two,more,small,high,Unacceptable
low,med,two,more,med,low,Unacceptable
low,med,two,more,med,med,Acceptable
low,med,two,more,med,high,good
low,med,two,more,big,low,Unacceptable
low,med,two,more,big,med,good
low,med,two,more,big,high,vgood
low,low,two,more,small,low,Unacceptable
low,low,two,more,small,med,Unacceptable
low,low,two,more,small,high,Unacceptable
low,low,two,more,med,low,Unacceptable
low,low,two,more,med,med,Acceptable
low,low,two,more,med,high,good
low,low,two,more,big,low,Unacceptable
low,low,two,more,big,med,good
low,low,two,more,big,high,vgood
vhigh,vhigh,three,more,small,low,Unacceptable
vhigh,vhigh,three,more,small,med,Unacceptable
vhigh,vhigh,three,more,small,high,Unacceptable
vhigh,vhigh,three,more,med,low,Unacceptable
vhigh,vhigh,three,more,med,med,Unacceptable
vhigh,vhigh,three,more,med,high,Unacceptable
vhigh,vhigh,three,more,big,low,Unacceptable
vhigh,vhigh,three,more,big,med,Unacceptable
vhigh,vhigh,three,more,big,high,Unacceptable
vhigh,high,three,more,small,low,Unacceptable
vhigh,high,three,more,small,med,Unacceptable
vhigh,high,three,more,small,high,Unacceptable
vhigh,high,three,more,med,low,Unacceptable
vhigh,high,three,more,med,med,Unacceptable
vhigh,high,three,more,med,high,Unacceptable
vhigh,high,three,more,big,low,Unacceptable
vhigh,high,three,more,big,med,Unacceptable
vhigh,high,three,more,big,high,Unacceptable
vhigh,med,three,more,small,low,Unacceptable
vhigh,med,three,more,small,med,Unacceptable
vhigh,med,three,more,small,high,Acceptable
vhigh,med,three,more,med,low,Unacceptable
vhigh,med,three,more,med,med,Acceptable
vhigh,med,three,more,med,high,Acceptable
vhigh,med,three,more,big,low,Unacceptable
vhigh,med,three,more,big,med,Acceptable
vhigh,med,three,more,big,high,Acceptable
vhigh,low,three,more,small,low,Unacceptable
vhigh,low,three,more,small,med,Unacceptable
vhigh,low,three,more,small,high,Acceptable
vhigh,low,three,more,med,low,Unacceptable
vhigh,low,three,more,med,med,Acceptable
vhigh,low,three,more,med,high,Acceptable
vhigh,low,three,more,big,low,Unacceptable
vhigh,low,three,more,big,med,Acceptable
vhigh,low,three,more,big,high,Acceptable
high,vhigh,three,more,small,low,Unacceptable
high,vhigh,three,more,small,med,Unacceptable
high,vhigh,three,more,small,high,Unacceptable
high,vhigh,three,more,med,low,Unacceptable
high,vhigh,three,more,med,med,Unacceptable
high,vhigh,three,more,med,high,Unacceptable
high,vhigh,three,more,big,low,Unacceptable
high,vhigh,three,more,big,med,Unacceptable
high,vhigh,three,more,big,high,Unacceptable
high,high,three,more,small,low,Unacceptable
high,high,three,more,small,med,Unacceptable
high,high,three,more,small,high,Acceptable
high,high,three,more,med,low,Unacceptable
high,high,three,more,med,med,Acceptable
high,high,three,more,med,high,Acceptable
high,high,three,more,big,low,Unacceptable
high,high,three,more,big,med,Acceptable
high,high,three,more,big,high,Acceptable
high,med,three,more,small,low,Unacceptable
high,med,three,more,small,med,Unacceptable
high,med,three,more,small,high,Acceptable
high,med,three,more,med,low,Unacceptable
high,med,three,more,med,med,Acceptable
high,med,three,more,med,high,Acceptable
high,med,three,more,big,low,Unacceptable
high,med,three,more,big,med,Acceptable
high,med,three,more,big,high,Acceptable
high,low,three,more,small,low,Unacceptable
high,low,three,more,small,med,Unacceptable
high,low,three,more,small,high,Acceptable
high,low,three,more,med,low,Unacceptable
high,low,three,more,med,med,Acceptable
high,low,three,more,med,high,Acceptable
high,low,three,more,big,low,Unacceptable
high,low,three,more,big,med,Acceptable
high,low,three,more,big,high,Acceptable
med,vhigh,three,more,small,low,Unacceptable
med,vhigh,three,more,small,med,Unacceptable
med,vhigh,three,more,small,high,Acceptable
med,vhigh,three,more,med,low,Unacceptable
med,vhigh,three,more,med,med,Acceptable
med,vhigh,three,more,med,high,Acceptable
med,vhigh,three,more,big,low,Unacceptable
med,vhigh,three,more,big,med,Acceptable
med,vhigh,three,more,big,high,Acceptable
med,high,three,more,small,low,Unacceptable
med,high,three,more,small,med,Unacceptable
med,high,three,more,small,high,Acceptable
med,high,three,more,med,low,Unacceptable
med,high,three,more,med,med,Acceptable
med,high,three,more,med,high,Acceptable
med,high,three,more,big,low,Unacceptable
med,high,three,more,big,med,Acceptable
med,high,three,more,big,high,Acceptable
med,med,three,more,small,low,Unacceptable
med,med,three,more,small,med,Acceptable
med,med,three,more,small,high,Acceptable
med,med,three,more,med,low,Unacceptable
med,med,three,more,med,med,Acceptable
med,med,three,more,med,high,vgood
med,med,three,more,big,low,Unacceptable
med,med,three,more,big,med,Acceptable
med,med,three,more,big,high,vgood
med,low,three,more,small,low,Unacceptable
med,low,three,more,small,med,Acceptable
med,low,three,more,small,high,good
med,low,three,more,med,low,Unacceptable
med,low,three,more,med,med,good
med,low,three,more,med,high,vgood
med,low,three,more,big,low,Unacceptable
med,low,three,more,big,med,good
med,low,three,more,big,high,vgood
low,vhigh,three,more,small,low,Unacceptable
low,vhigh,three,more,small,med,Unacceptable
low,vhigh,three,more,small,high,Acceptable
low,vhigh,three,more,med,low,Unacceptable
low,vhigh,three,more,med,med,Acceptable
low,vhigh,three,more,med,high,Acceptable
low,vhigh,three,more,big,low,Unacceptable
low,vhigh,three,more,big,med,Acceptable
low,vhigh,three,more,big,high,Acceptable
low,high,three,more,small,low,Unacceptable
low,high,three,more,small,med,Acceptable
low,high,three,more,small,high,Acceptable
low,high,three,more,med,low,Unacceptable
low,high,three,more,med,med,Acceptable
low,high,three,more,med,high,vgood
low,high,three,more,big,low,Unacceptable
low,high,three,more,big,med,Acceptable
low,high,three,more,big,high,vgood
low,med,three,more,small,low,Unacceptable
low,med,three,more,small,med,Acceptable
low,med,three,more,small,high,good
low,med,three,more,med,low,Unacceptable
low,med,three,more,med,med,good
low,med,three,more,med,high,vgood
low,med,three,more,big,low,Unacceptable
low,med,three,more,big,med,good
low,med,three,more,big,high,vgood
low,low,three,more,small,low,Unacceptable
low,low,three,more,small,med,Acceptable
low,low,three,more,small,high,good
low,low,three,more,med,low,Unacceptable
low,low,three,more,med,med,good
low,low,three,more,med,high,vgood
low,low,three,more,big,low,Unacceptable
low,low,three,more,big,med,good
low,low,three,more,big,high,vgood
vhigh,vhigh,four,more,small,low,Unacceptable
vhigh,vhigh,four,more,small,med,Unacceptable
vhigh,vhigh,four,more,small,high,Unacceptable
vhigh,vhigh,four,more,med,low,Unacceptable
vhigh,vhigh,four,more,med,med,Unacceptable
vhigh,vhigh,four,more,med,high,Unacceptable
vhigh,vhigh,four,more,big,low,Unacceptable
vhigh,vhigh,four,more,big,med,Unacceptable
vhigh,vhigh,four,more,big,high,Unacceptable
vhigh,high,four,more,small,low,Unacceptable
vhigh,high,four,more,small,med,Unacceptable
vhigh,high,four,more,small,high,Unacceptable
vhigh,high,four,more,med,low,Unacceptable
vhigh,high,four,more,med,med,Unacceptable
vhigh,high,four,more,med,high,Unacceptable
vhigh,high,four,more,big,low,Unacceptable
vhigh,high,four,more,big,med,Unacceptable
vhigh,high,four,more,big,high,Unacceptable
vhigh,med,four,more,small,low,Unacceptable
vhigh,med,four,more,small,med,Unacceptable
vhigh,med,four,more,small,high,Acceptable
vhigh,med,four,more,med,low,Unacceptable
vhigh,med,four,more,med,med,Acceptable
vhigh,med,four,more,med,high,Acceptable
vhigh,med,four,more,big,low,Unacceptable
vhigh,med,four,more,big,med,Acceptable
vhigh,med,four,more,big,high,Acceptable
vhigh,low,four,more,small,low,Unacceptable
vhigh,low,four,more,small,med,Unacceptable
vhigh,low,four,more,small,high,Acceptable
vhigh,low,four,more,med,low,Unacceptable
vhigh,low,four,more,med,med,Acceptable
vhigh,low,four,more,med,high,Acceptable
vhigh,low,four,more,big,low,Unacceptable
vhigh,low,four,more,big,med,Acceptable
vhigh,low,four,more,big,high,Acceptable
high,vhigh,four,more,small,low,Unacceptable
high,vhigh,four,more,small,med,Unacceptable
high,vhigh,four,more,small,high,Unacceptable
high,vhigh,four,more,med,low,Unacceptable
high,vhigh,four,more,med,med,Unacceptable
high,vhigh,four,more,med,high,Unacceptable
high,vhigh,four,more,big,low,Unacceptable
high,vhigh,four,more,big,med,Unacceptable
high,vhigh,four,more,big,high,Unacceptable
high,high,four,more,small,low,Unacceptable
high,high,four,more,small,med,Unacceptable
high,high,four,more,small,high,Acceptable
high,high,four,more,med,low,Unacceptable
high,high,four,more,med,med,Acceptable
high,high,four,more,med,high,Acceptable
high,high,four,more,big,low,Unacceptable
high,high,four,more,big,med,Acceptable
high,high,four,more,big,high,Acceptable
high,med,four,more,small,low,Unacceptable
high,med,four,more,small,med,Unacceptable
high,med,four,more,small,high,Acceptable
high,med,four,more,med,low,Unacceptable
high,med,four,more,med,med,Acceptable
high,med,four,more,med,high,Acceptable
high,med,four,more,big,low,Unacceptable
high,med,four,more,big,med,Acceptable
high,med,four,more,big,high,Acceptable
high,low,four,more,small,low,Unacceptable
high,low,four,more,small,med,Unacceptable
high,low,four,more,small,high,Acceptable
high,low,four,more,med,low,Unacceptable
high,low,four,more,med,med,Acceptable
high,low,four,more,med,high,Acceptable
high,low,four,more,big,low,Unacceptable
high,low,four,more,big,med,Acceptable
high,low,four,more,big,high,Acceptable
med,vhigh,four,more,small,low,Unacceptable
med,vhigh,four,more,small,med,Unacceptable
med,vhigh,four,more,small,high,Acceptable
med,vhigh,four,more,med,low,Unacceptable
med,vhigh,four,more,med,med,Acceptable
med,vhigh,four,more,med,high,Acceptable
med,vhigh,four,more,big,low,Unacceptable
med,vhigh,four,more,big,med,Acceptable
med,vhigh,four,more,big,high,Acceptable
med,high,four,more,small,low,Unacceptable
med,high,four,more,small,med,Unacceptable
med,high,four,more,small,high,Acceptable
med,high,four,more,med,low,Unacceptable
med,high,four,more,med,med,Acceptable
med,high,four,more,med,high,Acceptable
med,high,four,more,big,low,Unacceptable
med,high,four,more,big,med,Acceptable
med,high,four,more,big,high,Acceptable
med,med,four,more,small,low,Unacceptable
med,med,four,more,small,med,Acceptable
med,med,four,more,small,high,Acceptable
med,med,four,more,med,low,Unacceptable
med,med,four,more,med,med,Acceptable
med,med,four,more,med,high,vgood
med,med,four,more,big,low,Unacceptable
med,med,four,more,big,med,Acceptable
med,med,four,more,big,high,vgood
med,low,four,more,small,low,Unacceptable
med,low,four,more,small,med,Acceptable
med,low,four,more,small,high,good
med,low,four,more,med,low,Unacceptable
med,low,four,more,med,med,good
med,low,four,more,med,high,vgood
med,low,four,more,big,low,Unacceptable
med,low,four,more,big,med,good
med,low,four,more,big,high,vgood
low,vhigh,four,more,small,low,Unacceptable
low,vhigh,four,more,small,med,Unacceptable
low,vhigh,four,more,small,high,Acceptable
low,vhigh,four,more,med,low,Unacceptable
low,vhigh,four,more,med,med,Acceptable
low,vhigh,four,more,med,high,Acceptable
low,vhigh,four,more,big,low,Unacceptable
low,vhigh,four,more,big,med,Acceptable
low,vhigh,four,more,big,high,Acceptable
low,high,four,more,small,low,Unacceptable
low,high,four,more,small,med,Acceptable
low,high,four,more,small,high,Acceptable
low,high,four,more,med,low,Unacceptable
low,high,four,more,med,med,Acceptable
low,high,four,more,med,high,vgood
low,high,four,more,big,low,Unacceptable
low,high,four,more,big,med,Acceptable
low,high,four,more,big,high,vgood
low,med,four,more,small,low,Unacceptable
low,med,four,more,small,med,Acceptable
low,med,four,more,small,high,good
low,med,four,more,med,low,Unacceptable
low,med,four,more,med,med,good
low,med,four,more,med,high,vgood
low,med,four,more,big,low,Unacceptable
low,med,four,more,big,med,good
low,med,four,more,big,high,vgood
low,low,four,more,small,low,Unacceptable
low,low,four,more,small,med,Acceptable
low,low,four,more,small,high,good
low,low,four,more,med,low,Unacceptable
low,low,four,more,med,med,good
low,low,four,more,med,high,vgood
low,low,four,more,big,low,Unacceptable
low,low,four,more,big,med,good
low,low,four,more,big,high,vgood
vhigh,vhigh,5more,more,small,low,Unacceptable
vhigh,vhigh,5more,more,small,med,Unacceptable
vhigh,vhigh,5more,more,small,high,Unacceptable
vhigh,vhigh,5more,more,med,low,Unacceptable
vhigh,vhigh,5more,more,med,med,Unacceptable
vhigh,vhigh,5more,more,med,high,Unacceptable
vhigh,vhigh,5more,more,big,low,Unacceptable
vhigh,vhigh,5more,more,big,med,Unacceptable
vhigh,vhigh,5more,more,big,high,Unacceptable
vhigh,high,5more,more,small,low,Unacceptable
vhigh,high,5more,more,small,med,Unacceptable
vhigh,high,5more,more,small,high,Unacceptable
vhigh,high,5more,more,med,low,Unacceptable
vhigh,high,5more,more,med,med,Unacceptable
vhigh,high,5more,more,med,high,Unacceptable
vhigh,high,5more,more,big,low,Unacceptable
vhigh,high,5more,more,big,med,Unacceptable
vhigh,high,5more,more,big,high,Unacceptable
vhigh,med,5more,more,small,low,Unacceptable
vhigh,med,5more,more,small,med,Unacceptable
vhigh,med,5more,more,small,high,Acceptable
vhigh,med,5more,more,med,low,Unacceptable
vhigh,med,5more,more,med,med,Acceptable
vhigh,med,5more,more,med,high,Acceptable
vhigh,med,5more,more,big,low,Unacceptable
vhigh,med,5more,more,big,med,Acceptable
vhigh,med,5more,more,big,high,Acceptable
vhigh,low,5more,more,small,low,Unacceptable
vhigh,low,5more,more,small,med,Unacceptable
vhigh,low,5more,more,small,high,Acceptable
vhigh,low,5more,more,med,low,Unacceptable
vhigh,low,5more,more,med,med,Acceptable
vhigh,low,5more,more,med,high,Acceptable
vhigh,low,5more,more,big,low,Unacceptable
vhigh,low,5more,more,big,med,Acceptable
vhigh,low,5more,more,big,high,Acceptable
high,vhigh,5more,more,small,low,Unacceptable
high,vhigh,5more,more,small,med,Unacceptable
high,vhigh,5more,more,small,high,Unacceptable
high,vhigh,5more,more,med,low,Unacceptable
high,vhigh,5more,more,med,med,Unacceptable
high,vhigh,5more,more,med,high,Unacceptable
high,vhigh,5more,more,big,low,Unacceptable
high,vhigh,5more,more,big,med,Unacceptable
high,vhigh,5more,more,big,high,Unacceptable
high,high,5more,more,small,low,Unacceptable
high,high,5more,more,small,med,Unacceptable
high,high,5more,more,small,high,Acceptable
high,high,5more,more,med,low,Unacceptable
high,high,5more,more,med,med,Acceptable
high,high,5more,more,med,high,Acceptable
high,high,5more,more,big,low,Unacceptable
high,high,5more,more,big,med,Acceptable
high,high,5more,more,big,high,Acceptable
high,med,5more,more,small,low,Unacceptable
high,med,5more,more,small,med,Unacceptable
high,med,5more,more,small,high,Acceptable
high,med,5more,more,med,low,Unacceptable
high,med,5more,more,med,med,Acceptable
high,med,5more,more,med,high,Acceptable
high,med,5more,more,big,low,Unacceptable
high,med,5more,more,big,med,Acceptable
high,med,5more,more,big,high,Acceptable
high,low,5more,more,small,low,Unacceptable
high,low,5more,more,small,med,Unacceptable
high,low,5more,more,small,high,Acceptable
high,low,5more,more,med,low,Unacceptable
high,low,5more,more,med,med,Acceptable
high,low,5more,more,med,high,Acceptable
high,low,5more,more,big,low,Unacceptable
high,low,5more,more,big,med,Acceptable
high,low,5more,more,big,high,Acceptable
med,vhigh,5more,more,small,low,Unacceptable
med,vhigh,5more,more,small,med,Unacceptable
med,vhigh,5more,more,small,high,Acceptable
med,vhigh,5more,more,med,low,Unacceptable
med,vhigh,5more,more,med,med,Acceptable
med,vhigh,5more,more,med,high,Acceptable
med,vhigh,5more,more,big,low,Unacceptable
med,vhigh,5more,more,big,med,Acceptable
med,vhigh,5more,more,big,high,Acceptable
med,high,5more,more,small,low,Unacceptable
med,high,5more,more,small,med,Unacceptable
med,high,5more,more,small,high,Acceptable
med,high,5more,more,med,low,Unacceptable
med,high,5more,more,med,med,Acceptable
med,high,5more,more,med,high,Acceptable
med,high,5more,more,big,low,Unacceptable
med,high,5more,more,big,med,Acceptable
med,high,5more,more,big,high,Acceptable
med,med,5more,more,small,low,Unacceptable
med,med,5more,more,small,med,Acceptable
med,med,5more,more,small,high,Acceptable
med,med,5more,more,med,low,Unacceptable
med,med,5more,more,med,med,Acceptable
med,med,5more,more,med,high,vgood
med,med,5more,more,big,low,Unacceptable
med,med,5more,more,big,med,Acceptable
med,med,5more,more,big,high,vgood
med,low,5more,more,small,low,Unacceptable
med,low,5more,more,small,med,Acceptable
med,low,5more,more,small,high,good
med,low,5more,more,med,low,Unacceptable
med,low,5more,more,med,med,good
med,low,5more,more,med,high,vgood
med,low,5more,more,big,low,Unacceptable
med,low,5more,more,big,med,good
med,low,5more,more,big,high,vgood
low,vhigh,5more,more,small,low,Unacceptable
low,vhigh,5more,more,small,med,Unacceptable
low,vhigh,5more,more,small,high,Acceptable
low,vhigh,5more,more,med,low,Unacceptable
low,vhigh,5more,more,med,med,Acceptable
low,vhigh,5more,more,med,high,Acceptable
low,vhigh,5more,more,big,low,Unacceptable
low,vhigh,5more,more,big,med,Acceptable
low,vhigh,5more,more,big,high,Acceptable
low,high,5more,more,small,low,Unacceptable
low,high,5more,more,small,med,Acceptable
low,high,5more,more,small,high,Acceptable
low,high,5more,more,med,low,Unacceptable
low,high,5more,more,med,med,Acceptable
low,high,5more,more,med,high,vgood
low,high,5more,more,big,low,Unacceptable
low,high,5more,more,big,med,Acceptable
low,high,5more,more,big,high,vgood
low,med,5more,more,small,low,Unacceptable
low,med,5more,more,small,med,Acceptable
low,med,5more,more,small,high,good
low,med,5more,more,med,low,Unacceptable
low,med,5more,more,med,med,good
low,med,5more,more,med,high,vgood
low,med,5more,more,big,low,Unacceptable
low,med,5more,more,big,med,good
low,med,5more,more,big,high,vgood
low,low,5more,more,small,low,Unacceptable
low,low,5more,more,small,med,Acceptable
low,low,5more,more,small,high,good
low,low,5more,more,med,low,Unacceptable
low,low,5more,more,med,med,good
low,low,5more,more,med,high,vgood
low,low,5more,more,big,low,Unacceptable
low,low,5more,more,big,med,good
low,low,5more,more,big,high,vgood
